Activity Type,Date,Favorite,Title,Distance,Calories,Time,Avg HR,Max HR,Aerobic TE,Avg Run Cadence,Max Run Cadence,Avg Pace,Best Pace,Total Ascent,Total Descent,Avg Stride Length,Training Stress Score®,Steps,Decompression,Best Lap Time,Number of Laps,Moving Time,Elapsed Time,Min Elevation,Max Elevation
Running,2026-04-23 08:04:14,false,"Louisville Running","6.71","513","00:38:13","150","173","2.6","157","210","5:42","3:08","2","3","1.12","0.0","6,060","No","00:00:14.7","14","00:38:03","00:39:20","139","144"
Running,2026-04-22 12:02:37,false,"Louisville Running","9.46","681","00:45:04","160","185","3.3","166","188","4:46","3:35","22","23","1.26","0.0","7,472","No","00:00:30.2","11","00:44:59","00:47:40","140","150"
Running,2026-04-21 11:56:34,false,"Louisville Running","7.68","563","00:40:14","149","168","2.8","164","186","5:15","3:44","15","15","1.16","0.0","6,600","No","00:03:34.3","8","00:40:10","00:41:52","136","150"
Running,2026-04-20 11:02:01,false,"Clarksville Running","1.68","123","00:10:26","134","156","1.2","126","208","6:13","2:59","0","--","1.25","0.0","1,446","No","00:00:27.5","13","00:09:08.2","00:10:26","137","140"
Running,2026-04-20 10:04:50,false,"Clarksville Running","10.07","723","00:49:29","155","176","3.1","164","184","4:55","4:06","23","24","1.24","0.0","8,082","No","00:02:29.2","11","00:49:26","00:49:29","124","140"
Running,2026-04-19 19:38:35,false,"Louisville Running","9.28","663","00:46:55","146","160","3.0","163","175","5:03","4:12","27","29","1.22","0.0","7,624","No","00:01:27.6","10","00:46:52","00:47:23","140","149"
Running,2026-04-18 09:45:35,false,"Cincinnati Running","11.59","772","00:47:54","166","177","3.7","171","196","4:08","3:21","11","14","1.41","0.0","8,172","No","00:03:43.8","12","00:47:50","00:48:25","143","150"
Running,2026-04-18 09:31:38,false,"Cincinnati Running","1.96","151","00:10:16","158","183","2.0","171","178","5:15","4:29","4","4","1.11","0.0","1,758","No","00:04:36.9","2","00:10:16","00:10:16","144","150"
Running,2026-04-17 10:32:08,false,"Hamilton County Running","5.89","441","00:34:01","141","160","2.3","164","176","5:47","5:04","58","67","1.04","0.0","5,638","No","00:05:06.8","6","00:33:59","00:34:01","247","271"
Running,2026-04-16 19:37:12,false,"Louisville - Base","8.36","612","00:45:01","149","164","2.8","157","218","5:23","2:46","24","24","1.18","0.0","7,200","No","00:02:02.9","9","00:44:00","00:49:45","140","149"
Running,2026-04-15 11:14:21,false,"Louisville Running","13.73","997","01:09:32","150","172","3.4","163","222","5:04","3:27","135","132","1.21","0.0","11,322","No","00:03:24.7","14","01:09:17","01:14:16","133","166"
Running,2026-04-14 10:50:15,false,"Louisville - Base","9.48","660","00:47:04","145","157","3.0","163","176","4:58","4:13","32","29","1.23","0.0","7,644","No","00:02:37.7","10","00:46:59","00:47:36","135","150"
Running,2026-04-13 10:02:10,false,"10k MP","10.48","694","00:41:52","168","176","3.6","176","194","4:00","3:20","30","29","1.42","0.0","7,346","No","00:02:27.6","11","00:41:50","00:42:51","128","137"
Running,2026-04-13 08:27:12,false,"Louisville - Base","18.90","1,337","01:30:02","155","163","3.7","167","182","4:46","4:15","49","51","1.26","0.0","14,980","No","00:00:01.7","20","01:29:57","01:30:02","128","140"
Running,2026-04-12 12:15:23,false,"Louisville - Base","8.67","616","00:46:41","141","155","2.7","167","182","5:23","4:19","10","11","1.11","0.0","7,760","No","00:03:53.3","9","00:46:32","00:48:43","143","155"
Running,2026-04-11 08:00:41,false,"Louisville - Base","13.79","975","01:09:21","152","176","3.4","162","218","5:02","2:40","29","29","1.22","0.0","11,240","No","00:00:33.6","25","01:09:08","01:10:29","139","149"
Running,2026-04-10 10:55:50,false,"Louisville - Recovery","8.05","565","00:44:28","140","171","2.4","160","176","5:32","4:29","29","28","1.13","0.0","7,122","No","00:00:28.7","9","00:44:22","00:45:30","135","150"
Running,2026-04-09 20:10:22,false,"Louisville Running","9.30","659","00:50:47","134","156","2.7","161","182","5:28","4:10","42","43","1.14","0.0","8,162","No","00:01:56.8","10","00:50:45","00:50:47","140","149"
Running,2026-04-09 10:22:23,false,"Louisville - Base","14.64","1,071","01:16:02","152","169","3.5","155","221","5:12","2:41","2","3","1.23","0.0","11,992","No","00:00:14.7","28","01:13:40","01:20:24","139","144"
Running,2026-04-08 14:38:44,false,"Louisville - Base","10.32","723","00:50:19","145","161","3.1","165","182","4:53","4:02","29","29","1.24","0.0","8,278","No","00:02:18.5","11","00:50:13","00:50:33","135","150"
Running,2026-04-06 09:10:33,false,"Cavalry race sim","35.22","2,380","02:25:32","155","168","5.0","173","215","4:08","3:28","195","190","1.40","0.0","25,148","No","00:00:55.9","36","02:25:20","02:25:32","137","163"
Running,2026-04-06 08:51:13,false,"Louisville Running","1.82","129","00:11:07","133","145","1.1","165","174","6:05","5:12","1","5","1.00","0.0","1,842","No","00:04:48.0","2","00:11:00","00:12:31","140","149"
Running,2026-04-05 14:54:51,false,"Louisville - Base","10.43","714","00:50:09","146","159","3.0","164","201","4:49","3:12","28","26","1.27","0.0","8,182","No","00:00:05.9","12","00:50:07","00:51:41","140","149"
Running,2026-04-04 13:54:36,false,"Louisville Running","13.32","919","01:03:19","151","169","3.4","166","234","4:45","3:35","120","118","1.27","0.0","10,468","No","00:01:52.4","14","01:03:11","01:04:52","133","166"
Running,2026-04-03 19:44:45,false,"Louisville Running","5.78","403","00:34:29","130","148","2.1","163","176","5:58","5:10","10","10","1.03","0.0","5,614","No","00:04:36.8","6","00:34:21","00:35:01","143","155"
Running,2026-04-03 11:44:29,false,"Louisville - Recovery","7.89","541","00:44:05","136","145","2.3","160","171","5:35","4:44","23","24","1.12","0.0","7,036","No","00:00:34.5","9","00:43:59","00:45:02","134","150"
Running,2026-04-02 19:41:21,false,"Louisville Running","17.65","1,333","01:34:23","152","169","3.6","163","210","5:21","3:24","45","45","1.15","0.0","15,374","No","00:03:31.9","18","01:33:31","01:36:38","139","149"
Running,2026-04-02 11:17:46,false,"Louisville - Base","13.29","934","01:05:33","151","166","3.4","157","222","4:56","2:37","2","3","1.29","0.0","10,428","No","00:00:15.6","25","01:04:13","01:08:30","139","144"
Running,2026-04-01 08:07:13,false,"Medium Long Run","26.22","1,797","02:02:24","154","175","4.1","167","235","4:40","3:39","109","108","1.28","0.0","20,390","No","00:00:22.5","28","02:01:42","02:14:57","140","182"
Running,2026-03-31 20:03:43,false,"Louisville Running","5.46","372","00:30:31","130","139","2.1","161","177","5:36","4:54","5","5","1.11","0.0","4,910","No","00:02:37.4","6","00:30:30","00:30:52","142","148"
Running,2026-03-31 07:26:16,false,"Louisville - Base","11.57","838","00:57:27","152","162","3.2","163","178","4:58","4:23","45","45","1.23","0.0","9,372","No","00:03:45.7","12","00:57:25","00:57:48","140","149"
Running,2026-03-30 09:52:37,false,"Louisville - Tempo","16.39","1,112","01:12:41","161","178","3.9","166","198","4:26","3:18","66","65","1.35","0.0","12,024","No","00:00:16.2","25","01:11:50","01:14:53","134","155"
Running,2026-03-29 14:11:23,false,"Louisville - Recovery","6.30","451","00:34:59","137","149","2.3","159","169","5:33","4:35","5","1","1.14","0.0","5,544","No","00:00:58.2","8","00:34:50","00:35:34","142","148"
Running,2026-03-28 09:36:08,false,"Louisville Running","10.01","722","00:51:28","146","169","3.0","162","174","5:08","1:21","24","25","1.20","0.0","8,348","No","00:00:03.4","11","00:51:17","00:52:15","139","188"
Treadmill Running,2026-03-27 07:52:51,false,"Treadmill Long run","28.08","1,611","02:15:32","159","173","3.9","167","180","4:50","4:12","--","--","1.24","0.0","22,528","No","00:00:29.4","29","02:15:21","02:18:06","--","--"
Running,2026-03-26 11:30:45,false,"Louisville - Base","14.04","1,012","01:13:04","154","171","3.5","152","224","5:12","2:24","3","3","1.24","0.0","11,216","No","00:00:14.8","26","01:10:26","01:13:52","139","144"
Running,2026-03-25 13:56:07,false,"Louisville - Base","16.12","1,131","01:17:16","155","169","3.6","163","178","4:48","4:09","40","40","1.28","0.0","12,574","No","00:00:43.8","17","01:17:10","01:17:16","120","140"
Running,2026-03-24 11:38:36,false,"CD","4.34","310","00:27:05","133","147","1.9","162","176","6:15","5:16","35","37","0.99","0.0","4,400","No","00:02:01.1","5","00:26:40","00:29:39","134","163"
Running,2026-03-24 10:49:55,false,"3x 3k","10.33","684","00:41:30","163","179","3.7","164","203","4:01","2:53","55","57","1.51","0.0","6,862","No","00:00:07.3","17","00:40:26","00:41:30","140","149"
Running,2026-03-24 10:16:18,false,"WU","4.32","350","00:25:18","150","166","2.4","157","181","5:52","4:22","38","37","1.08","0.0","4,030","No","00:03:34.4","5","00:24:39","00:27:21","133","162"
Running,2026-03-23 11:05:03,false,"Louisville Running","10.80","786","00:55:42","151","164","3.1","162","176","5:10","4:30","36","35","1.19","0.0","9,014","No","00:04:38.9","11","00:55:38","00:56:00","134","150"
Running,2026-03-22 13:55:44,false,"Louisville - Recovery","7.00","527","00:40:17","145","161","2.4","156","166","5:45","4:45","23","23","1.11","0.0","6,258","No","00:00:21.3","8","00:40:15","00:40:17","140","149"
Running,2026-03-21 08:34:01,false,"Louisville Running","4.37","376","00:27:07","160","178","2.5","163","180","6:12","5:09","82","80","0.99","0.0","4,416","No","00:02:16.1","5","00:26:53","00:28:48","98","144"
Running,2026-03-21 07:30:02,false,"Derby city 10k (official time - 35:35)","10.12","628","00:35:41","173","182","4.0","176","208","3:32","2:53","11","14","1.61","0.0","6,246","No","00:00:25.1","11","00:35:37","00:35:41","132","143"
Running,2026-03-21 06:53:46,false,"Louisville Running","1.76","163","00:14:12","121","153","2.0","101","229","8:03","2:32","4","3","1.21","0.0","1,524","No","00:00:15.2","14","00:12:46","00:14:12","138","143"
Running,2026-03-21 06:16:22,false,"Louisville Running","4.43","343","00:23:13","155","175","2.6","163","176","5:15","4:30","25","27","1.17","0.0","3,780","No","00:02:13.9","5","00:23:10","00:23:13","137","163"
Running,2026-03-20 10:45:44,false,"Louisville Running","1.40","98","00:09:25.5","129","147","0.8","131","229","6:45","2:39","3","2","1.11","0.0","1,270","No","00:00:13.6","13","00:09:18.5","00:09:25.5","143","146"
Running,2026-03-20 10:16:46,false,"Louisville Running","4.37","357","00:24:59","154","172","2.6","159","171","5:43","5:02","21","19","1.10","0.0","3,988","No","00:02:01.3","5","00:24:47","00:25:39","126","144"
Running,2026-03-20 09:44:57,false,"Louisville Running","4.12","309","00:22:40","140","165","2.4","161","182","5:30","3:47","4","5","1.13","0.0","3,642","No","00:00:39.3","5","00:22:32","00:24:39","137","144"
Running,2026-03-19 13:19:12,false,"Louisville Running","9.48","692","00:58:50","138","170","2.6","153","227","6:12","2:32","38","39","1.05","0.0","9,080","No","00:00:14.7","20","00:58:04","01:07:03","134","155"
Running,2026-03-18 14:01:32,false,"Louisville - Recovery","8.55","615","00:48:00","143","165","2.6","161","170","5:37","4:55","2","3","1.10","0.0","7,718","No","00:03:49.5","9","00:47:57","00:48:28","139","144"
Running,2026-03-17 12:04:21,false,"CD","3.09","224","00:19:23","136","147","1.4","158","170","6:16","5:39","13","10","1.01","0.0","3,078","No","00:00:34","5","00:19:20","00:19:53","137","150"
Running,2026-03-17 11:51:59,false,"4.x 200","1.18","108","00:07:35.0","153","173","1.7","108","215","6:24","2:40","--","--","1.40","0.0","984","No","00:00:34.7","9","00:07:18.5","00:07:35.0","141","143"
Running,2026-03-17 11:17:12,false,"2x 3k","6.96","492","00:29:25","165","179","3.5","162","202","4:14","2:57","11","11","1.43","0.0","4,858","No","00:01:49.2","9","00:28:56","00:29:25","137","143"
Running,2026-03-17 10:51:51,false,"warmup","3.54","275","00:20:56","144","160","2.2","159","174","5:55","4:49","5","7","1.06","0.0","3,344","No","00:03:37.5","4","00:20:54","00:21:25","140","150"
Running,2026-03-16 10:51:00,false,"Louisville Running","1.05","85","00:08:19.4","133","161","0.7","125","231","7:56","2:47","2","3","1.00","0.0","1,070","No","00:00:12.2","9","00:07:51.5","00:10:22","143","146"
Running,2026-03-16 09:24:47,false,"Louisville - Recovery","10.65","760","00:59:17","144","169","2.7","161","182","5:34","5:03","30","31","1.11","0.0","9,548","No","00:00:38.3","12","00:59:13","01:00:48","135","150"
Running,2026-03-15 14:28:52,false,"Louisville - Recovery","8.41","617","00:50:55","138","159","2.3","161","174","6:03","4:51","24","24","1.03","0.0","8,166","No","00:03:56.7","9","00:50:53","00:51:10","140","149"
Running,2026-03-14 14:32:54,false,"Louisville Running","6.69","494","00:37:13","143","164","2.6","160","174","5:34","4:43","2","3","1.13","0.0","5,956","No","00:04:08.1","7","00:37:05","00:38:39","139","144"
Running,2026-03-13 19:48:07,false,"Louisville Running","10.11","751","00:54:02","150","164","3.0","162","186","5:21","4:08","40","40","1.15","0.0","8,814","No","00:00:44.4","11","00:53:52","00:54:24","140","149"
Running,2026-03-13 13:04:30,false,"Louisville - Recovery","8.41","570","00:45:54","138","152","2.4","160","174","5:28","4:28","24","24","1.15","0.0","7,296","No","00:01:02.1","10","00:45:51","00:46:19","134","150"
Running,2026-03-12 08:47:02,false,"Clarksville Running","31.77","2,152","02:18:10","155","167","4.9","172","188","4:21","3:26","113","111","1.34","0.0","23,648","No","00:03:24.4","32","02:17:59","02:18:10","117","140"
Running,2026-03-11 11:43:44,false,"Louisville - Recovery","9.78","757","01:00:41","147","166","2.7","146","232","6:12","2:28","23","22","1.09","0.0","9,190","No","00:00:12.4","21","01:00:00","01:04:35","140","149"
Running,2026-03-10 11:35:28,false,"Louisville - Recovery","12.60","879","01:08:56","141","153","2.8","160","174","5:28","4:25","106","107","1.14","0.0","10,980","No","00:00:35.5","14","01:08:42","01:15:41","133","166"
Running,2026-03-10 11:12:20,false,"Louisville Running","2.57","184","00:17:45","127","137","1.0","157","176","6:55","5:25","3","2","0.92","0.0","2,804","No","00:04:19.6","3","00:17:12","00:19:18","143","148"
Running,2026-03-09 11:07:18,false,"Louisville - Threshold","15.01","1,003","01:10:45","154","178","3.8","165","191","4:43","3:14","92","110","1.28","0.0","11,652","No","00:01:26.3","16","01:10:30","01:15:50","134","164"
Running,2026-03-09 10:50:01,false,"Louisville Running","2.48","175","00:14:18","135","155","1.6","162","190","5:46","1:21","23","8","1.07","0.0","2,324","No","00:02:37.9","3","00:14:13","00:16:23","133","159"
Running,2026-03-08 20:12:33,false,"Louisville - Recovery","8.55","636","00:52:06","137","156","2.5","161","194","6:06","5:05","41","40","1.02","0.0","8,384","No","00:05:18.6","9","00:52:03","00:52:31","140","149"
Running,2026-03-07 19:35:46,false,"Louisville - Recovery","10.66","761","00:56:54","141","152","2.9","160","196","5:20","4:35","12","12","1.17","0.0","9,060","No","00:01:19.9","12","00:56:52","00:56:54","140","154"
Running,2026-03-06 07:46:54,false,"Iroquois long run","32.20","2,215","02:27:38","158","175","4.8","168","188","4:35","3:29","192","192","1.30","0.0","24,678","No","00:01:02.0","33","02:26:53","02:44:44","140","181"
Running,2026-03-05 13:50:13,false,"Louisville - Recovery","7.64","577","00:41:55","148","162","2.8","161","172","5:29","4:57","22","23","1.13","0.0","6,732","No","00:01:13.8","9","00:41:50","00:43:09","140","149"
Running,2026-03-04 10:24:18,false,"Louisville - Recovery","9.00","697","00:56:52","146","167","2.5","151","226","6:19","2:40","50","48","1.05","0.0","8,676","No","00:00:12.6","21","00:55:34","00:59:18","134","158"
Running,2026-03-03 20:08:43,false,"Louisville Running","6.36","447","00:37:13","134","161","2.2","162","174","5:51","4:41","28","27","1.05","0.0","6,034","No","00:02:16.7","7","00:37:08","00:38:41","140","149"
Running,2026-03-03 07:29:58,false,"Louisville - Base","9.62","693","00:50:00","153","166","2.9","162","174","5:12","4:39","2","3","1.19","0.0","8,114","No","00:01:28.2","11","00:49:51","00:50:57","139","144"
Running,2026-03-02 10:33:35,false,"Louisville - Tempo","14.78","1,009","01:07:52","157","174","3.7","164","193","4:35","3:19","44","42","1.32","0.0","11,082","No","00:01:57.2","19","01:05:07","01:08:34","135","150"
Running,2026-03-02 10:22:22,false,"Louisville Running","1.46","117","00:10:02","136","148","1.0","151","176","6:54","4:23","6","6","0.96","0.0","1,600","No","00:03:44.0","2","00:09:24","00:10:54","142","150"
Running,2026-03-01 20:04:52,false,"Louisville - Base","9.61","658","00:48:03","146","157","2.9","163","184","5:00","4:35","26","27","1.23","0.0","7,812","No","00:00:03.0","11","00:47:59","00:48:55","140","149"
Running,2026-02-28 08:12:15,false,"Cincinnati - Base","30.87","2,110","02:26:37","149","170","4.2","166","203","4:45","3:35","279","279","1.27","0.0","24,324","No","00:01:32.0","32","02:26:15","02:30:42","146","210"
Running,2026-02-27 12:48:35,false,"Louisville Running","8.14","552","00:45:43","139","170","2.3","164","178","5:37","4:59","23","21","1.08","0.0","7,512","No","00:00:49.8","9","00:45:41","00:47:23","135","150"
Running,2026-02-26 11:50:07,false,"fartlek ","18.56","1,298","01:32:46","154","173","3.7","165","196","5:00","3:42","27","30","1.21","0.0","15,348","No","00:04:00.1","19","01:32:34","01:38:07","140","159"
Running,2026-02-25 13:31:42,false,"Louisville - Recovery","7.90","605","00:49:44","139","160","2.4","158","222","6:18","4:58","20","20","1.00","0.0","7,962","No","00:05:13.1","8","00:48:44","00:51:03","142","154"
Running,2026-02-24 10:08:31,false,"Threshold","17.80","1,252","01:29:26","153","175","3.8","161","220","5:01","3:04","109","107","1.23","0.0","14,548","No","00:03:39.5","18","01:29:16","01:35:08","133","163"
Running,2026-02-23 09:23:12,false,"Louisville Running","12.26","854","01:03:01","149","160","3.0","163","172","5:08","4:31","40","79","1.20","0.0","10,252","No","00:01:27.0","13","01:02:52","01:04:16","135","184"
Running,2026-02-22 13:47:31,false,"Louisville - Recovery","10.72","736","00:59:12","140","152","2.6","162","172","5:31","4:54","4","3","1.12","0.0","9,524","No","00:00:23.8","12","00:59:07","00:59:28","139","146"
Running,2026-02-21 21:13:46,false,"Louisville Running","2.20","157","00:13:49","144","173","1.3","169","179","6:17","5:18","7","6","0.94","0.0","2,334","No","00:01:16.5","3","00:13:49","00:14:30","140","149"
Running,2026-02-21 20:31:21,false,"12x 600","8.78","579","00:37:43","159","174","3.3","162","223","4:18","3:05","39","40","1.39","0.0","6,114","No","00:00:27.9","24","00:37:38","00:38:49","140","146"
Running,2026-02-21 20:11:35,false,"Louisville Running","2.33","184","00:14:56","137","156","1.8","162","196","6:24","3:43","4","5","0.96","0.0","2,480","No","00:02:54.0","3","00:14:50","00:15:31","140","149"
Running,2026-02-20 09:08:46,false,"Louisville - Recovery","7.74","543","00:44:44","138","150","2.3","165","178","5:47","5:08","9","8","1.05","0.0","7,354","No","00:01:29.6","9","00:44:42","00:46:20","143","155"
Running,2026-02-19 11:07:49,false,"Louisville - Recovery","8.50","602","00:46:54","141","152","2.5","162","174","5:31","4:44","27","27","1.12","0.0","7,576","No","00:03:57.0","9","00:46:49","00:48:07","135","150"
Running,2026-02-18 20:05:25,false,"Triple pt 3","8.21","578","00:45:10","142","152","2.5","166","188","5:30","4:52","38","37","1.10","0.0","7,474","No","00:01:55.4","9","00:45:02","00:46:15","140","149"
Running,2026-02-18 13:05:53,false,"Triple pt 2","11.43","807","00:55:17","156","169","3.4","165","196","4:50","3:40","90","88","1.25","0.0","9,106","No","00:02:21.6","12","00:55:08","00:59:58","134","163"
Running,2026-02-18 07:14:06,false,"Triple pt 1","9.85","733","00:50:03","155","166","3.2","164","176","5:05","4:20","2","3","1.20","0.0","8,198","No","00:04:37.0","10","00:50:02","00:50:03","139","144"
Running,2026-02-17 20:13:26,false,"Louisville Running","6.43","496","00:35:27","141","166","2.9","164","182","5:31","4:51","17","16","1.11","0.0","5,824","No","00:02:13.0","7","00:35:25","00:36:59","139","149"
Running,2026-02-17 11:06:08,false,"Louisville - Base","9.31","699","00:47:38","156","166","3.2","162","188","5:07","3:47","56","56","1.20","0.0","7,738","No","00:02:38.1","10","00:47:27","00:48:59","134","158"
Running,2026-02-16 20:15:06,false,"Louisville - Threshold","12.41","824","00:52:24","162","177","3.9","167","200","4:13","3:02","63","64","1.41","0.0","8,802","No","00:01:13.9","14","00:52:15","00:52:35","140","149"
Running,2026-02-16 20:05:38,false,"Louisville Running","1.25","81","00:07:01.7","132","153","0.8","163","173","5:36","4:57","3","--","1.10","0.0","1,156","No","00:01:26.1","2","00:06:57.1","00:07:32.9","140","149"
Running,2026-02-15 13:20:09,false,"Louisville - Recovery","9.67","689","00:51:39","144","165","2.8","159","215","5:20","2:44","26","27","1.17","0.0","8,196","No","00:00:14.7","20","00:51:18","00:52:54","135","150"
Running,2026-02-14 19:30:55,false,"Louisville - Base","11.49","826","00:59:39","149","162","3.2","168","184","5:12","4:15","55","54","1.15","0.0","9,958","No","00:03:43.5","12","00:59:37","01:00:46","140","149"
Running,2026-02-13 10:51:23,false,"Louisville - Base","11.31","799","00:52:18","151","168","3.5","166","187","4:37","3:42","2","3","1.31","0.0","8,642","No","00:02:33.2","12","00:52:13","00:53:33","139","144"
Running,2026-02-12 11:14:23,false,"Louisville Running","5.02","382","00:29:39","151","168","2.3","164","180","5:54","5:07","8","7","1.03","0.0","4,900","No","00:00:08.8","6","00:29:36","00:30:41","143","155"
Running,2026-02-11 19:52:38,false,"Louisville Running","6.77","489","00:37:20","143","160","2.6","163","200","5:31","3:42","33","31","1.11","0.0","6,122","No","00:04:31.7","7","00:37:15","00:43:43","140","149"
Running,2026-02-11 11:17:06,false,"Louisville Running","14.10","1,018","01:06:03","157","182","4.1","168","221","4:41","2:45","123","120","1.26","0.0","11,104","No","00:00:20.2","17","01:05:55","01:10:14","134","163"
Running,2026-02-10 20:06:54,false,"Louisville - Base","9.71","706","00:50:19","148","164","3.0","167","180","5:11","4:23","41","40","1.16","0.0","8,398","No","00:04:15.8","10","00:50:17","00:52:13","140","149"
Running,2026-02-10 13:26:34,false,"Louisville Running","8.27","614","00:48:18","129","144","2.7","161","181","5:50","4:40","54","55","1.06","0.0","7,834","No","00:01:41.1","9","00:48:11","00:52:06","135","165"
Treadmill Running,2026-02-09 09:39:09,false,"Treadmill Long run","23.87","1,426","02:00:09","152","186","3.5","163","184","5:02","4:08","--","--","1.22","0.0","19,528","No","00:00:16.9","25","01:58:28","02:02:14","--","--"
Running,2026-02-08 14:38:29,false,"Louisville - Recovery","6.26","459","00:35:51","141","155","2.3","164","181","5:43","4:35","--","--","1.07","0.0","5,864","No","00:03:16.3","7","00:35:49","00:36:04","140","149"
Running,2026-02-07 19:42:53,false,"Louisville - Base","9.41","671","00:47:44","148","170","3.0","164","214","5:04","3:12","20","24","1.20","0.0","7,874","No","00:02:44.2","10","00:47:24","00:49:40","139","149"
Treadmill Running,2026-02-06 07:43:22,false,"Base","15.25","1,199","01:30:01","157","171","3.4","163","174","5:54","4:33","--","--","1.23","0.0","14,624","No","00:00:01.4","19","01:29:13","01:30:01","--","--"
Running,2026-02-05 20:19:55,false,"Louisville - Base","8.78","643","00:46:26","149","159","2.9","167","189","5:17","3:50","32","30","1.14","0.0","7,720","No","00:01:25.9","10","00:46:13","00:46:57","140","149"
Running,2026-02-04 19:28:36,false,"Louisville - Threshold","14.75","980","01:03:32","160","175","4.0","169","220","4:18","3:20","67","65","1.36","0.0","10,778","No","00:00:04.0","19","01:03:04","01:05:16","140","149"
Running,2026-02-03 11:56:04,false,"Louisville - Base","7.08","507","00:41:52","143","164","2.4","162","187","5:55","4:01","12","22","1.04","0.0","6,834","No","00:00:34.1","8","00:41:36","00:49:32","128","152"
Treadmill Running,2026-02-02 07:41:01,false,"Threshold","11.20","719","00:55:49","162","183","3.4","158","196","4:59","2:42","--","--","1.19","0.0","8,742","No","00:01:48.6","16","00:54:13","00:56:27","--","--"
Running,2026-02-01 19:56:41,false,"Louisville - Recovery","6.67","457","00:35:00","140","150","2.4","166","183","5:15","4:31","28","32","1.15","0.0","5,802","No","00:00:43.9","8","00:34:53","00:38:41","140","149"
Running,2026-01-31 20:06:53,false,"Louisville - Base","10.10","719","00:51:04","154","173","3.2","162","212","5:03","2:57","48","48","1.22","0.0","8,312","No","00:02:03.5","11","00:50:50","01:01:29","140","149"
Running,2026-01-30 19:49:09,false,"Louisville - Base","7.83","586","00:42:01","151","162","2.9","170","183","5:22","4:43","41","39","1.10","0.0","7,144","No","00:04:44.0","8","00:41:56","00:47:00","140","149"
Running,2026-01-29 19:37:29,false,"Louisville - Base","17.91","1,303","01:31:17","154","168","3.7","170","196","5:06","3:41","73","70","1.15","0.0","15,518","No","00:01:17.0","19","01:31:11","01:35:10","140","149"
Running,2026-01-28 19:49:59,false,"Louisville - Base","11.61","826","00:58:21","152","161","3.1","171","191","5:02","3:51","55","55","1.16","0.0","9,956","No","00:03:20.0","12","00:58:17","00:59:02","140","146"
Running,2026-01-27 20:29:02,false,"Louisville Running","9.19","700","00:45:47","166","187","3.5","167","183","4:59","4:15","50","49","1.20","0.0","7,640","No","00:00:59.4","10","00:45:45","00:46:32","140","146"
Running,2026-01-24 10:40:00,false,"Louisville - Base","10.04","737","00:56:52","149","167","2.7","167","182","5:40","5:05","37","37","1.06","0.0","9,438","No","00:02:57.6","11","00:56:49","00:57:19","140","149"
Running,2026-01-23 09:24:02,false,"Louisville - Tempo","13.91","920","01:00:12","161","182","3.8","170","196","4:20","3:08","36","35","1.36","0.0","10,198","No","00:00:11.7","16","01:00:09","01:07:46","137","150"
Running,2026-01-23 09:15:53,false,"Louisville Running","1.10","74","00:06:59.5","129","162","0.5","166","174","6:21","5:41","4","--","0.95","0.0","1,170","No","00:00:32.7","2","00:06:57.7","00:07:45.9","143","150"
Running,2026-01-22 12:01:29,false,"Louisville - Base","11.75","838","01:02:46","152","185","3.2","158","226","5:20","2:44","2","3","1.17","0.0","9,952","No","00:00:13.1","20","01:02:17","01:04:35","139","144"
Running,2026-01-21 11:15:12,false,"Louisville - Base","13.01","932","01:07:22","149","165","3.2","166","185","5:11","4:05","19","20","1.16","0.0","11,188","No","00:01:38.5","14","01:07:03","01:14:02","140","149"
Running,2026-01-20 11:36:18,false,"Louisville Running","1.80","128","00:11:01","132","145","1.0","170","177","6:08","5:31","8","13","0.96","0.0","1,880","No","00:04:33.5","2","00:10:51","00:12:52","140","149"
Running,2026-01-20 10:54:08,false,"threshold ","9.28","594","00:38:29","164","176","3.3","169","193","4:09","3:00","34","32","1.40","0.0","6,548","No","00:00:20.6","12","00:37:34","00:38:30","140","150"
Running,2026-01-20 10:32:40,false,"Louisville Running","2.75","193","00:14:25","152","181","2.0","169","200","5:14","3:06","27","11","1.13","0.0","2,446","No","00:00:10.5","7","00:14:10","00:15:01","132","149"
Running,2026-01-19 13:42:16,false,"Louisville - Base","10.13","728","00:49:02","151","161","3.4","166","182","4:50","3:46","26","25","1.25","0.0","8,088","No","00:00:02.3","12","00:48:55","00:49:20","137","150"
Running,2026-01-18 11:31:44,false,"Louisville Running","8.01","565","00:47:14","138","172","2.3","167","179","5:54","5:20","7","8","1.02","0.0","7,848","No","00:00:04.7","9","00:47:12","00:47:14","142","148"
Running,2026-01-17 12:03:50,false,"Louisville Running","13.43","925","01:03:47","153","176","3.5","169","208","4:45","4:00","3","3","1.25","0.0","10,720","No","00:02:29.6","14","01:03:44","01:05:57","139","146"
Running,2026-01-16 19:33:07,false,"Louisville Running","13.46","958","01:10:38","149","174","3.2","165","223","5:15","2:40","53","53","1.16","0.0","11,696","No","00:00:11.1","21","01:10:01","01:11:43","140","149"
Running,2026-01-15 11:34:42,false,"10x hill 🔪","13.63","972","01:08:36","155","177","3.4","166","212","5:02","2:48","128","126","1.20","0.0","11,354","No","00:00:12.7","19","01:08:29","01:11:52","135","155"
Running,2026-01-14 07:44:16,false,"Medium long run","16.63","1,192","01:24:08","149","163","3.5","167","205","5:03","3:36","121","119","1.18","0.0","14,056","No","00:03:11.0","17","01:23:57","01:27:39","133","163"
Running,2026-01-13 14:14:53,false,"Louisville - Recovery","7.06","523","00:40:26","144","156","2.5","165","184","5:44","4:44","19","19","1.06","0.0","6,686","No","00:02:51.4","8","00:40:25","00:40:47","140","149"
Running,2026-01-13 07:25:46,false,"Tempo - 30mins","12.56","855","00:57:51","156","175","3.8","170","193","4:36","3:24","48","45","1.27","0.0","9,806","No","00:00:13.2","14","00:57:39","01:02:00","135","150"
Running,2026-01-12 14:52:34,false,"Louisville Running","6.25","480","00:35:10","154","188","2.8","161","224","5:37","2:37","11","10","1.11","0.0","5,682","No","00:01:23.2","7","00:35:07","00:43:59","143","155"
Running,2026-01-11 07:18:15,false,"Louisville Running","27.91","2,007","02:14:36","152","170","4.5","172","197","4:49","3:39","168","170","1.21","0.0","23,036","No","00:04:08.0","28","02:14:30","02:14:44","133","166"
Running,2026-01-10 16:19:59,false,"Louisville Running","10.36","727","00:54:48","145","169","3.0","170","187","5:17","4:06","87","87","1.11","0.0","9,302","No","00:02:01.5","11","00:54:15","00:55:10","133","166"
Running,2026-01-09 10:28:06,false,"Louisville Running","10.91","779","01:02:18","140","169","2.9","161","226","5:43","2:41","4","3","1.09","0.0","10,006","No","00:00:12.0","20","01:01:35","01:08:50","139","144"
Running,2026-01-08 12:00:43,false,"Louisville Running","9.10","638","00:49:54","141","153","2.6","164","196","5:29","4:12","44","42","1.11","0.0","8,214","No","00:00:32.7","10","00:49:48","00:54:25","133","163"
Running,2026-01-07 11:01:36,false,"Louisville Running","13.52","956","01:07:39","146","161","3.3","166","188","5:00","3:45","65","64","1.21","0.0","11,196","No","00:02:24.7","14","01:07:31","01:08:02","134","158"
Running,2026-01-06 14:31:39,false,"Louisville - Base","7.90","560","00:41:05","148","164","2.9","171","192","5:12","4:15","17","15","1.13","0.0","6,972","No","00:04:49.3","8","00:41:02","00:42:15","142","155"
Running,2026-01-06 09:51:09,false,"Louisville Running","1.84","129","00:10:32","136","145","1.2","170","176","5:43","4:56","3","6","1.03","0.0","1,792","No","00:04:35.5","2","00:10:31","00:10:32","140","149"
Running,2026-01-06 09:12:11,false,"Threshold","9.00","567","00:34:59","167","177","3.4","172","196","3:53","3:10","52","55","1.47","0.0","6,032","No","00:00:56.8","12","00:33:58","00:35:37","140","151"
Running,2026-01-06 09:09:37,false,"strides","0.27","21","00:01:47.4","143","157","0.2","135","215","6:40","3:18","--","3","1.17","0.0","246","No","00:00:13.1","4","00:01:42.0","00:01:47.4","143","146"
Running,2026-01-06 08:56:12,false,"Louisville Running","1.82","133","00:09:51.0","146","161","1.7","171","180","5:25","4:43","6","10","1.08","0.0","1,704","No","00:04:04.6","2","00:09:43.6","00:09:51.0","140","149"
Running,2026-01-05 09:29:41,false,"Louisville - Base","11.36","818","00:55:53","156","166","3.3","169","185","4:55","4:05","4","2","1.20","0.0","9,446","No","00:00:31.5","13","00:55:52","00:55:53","139","146"
Running,2026-01-05 09:25:46,false,"Louisville Running","0.48","30","00:03:00.2","133","165","0.2","170","180","6:13","5:27","--","--","0.95","0.0","508","No","00:03:00.2","1","00:03:00","00:03:00.2","142","144"
Running,2026-01-04 13:25:49,false,"Louisville - Base","19.04","1,329","01:31:41","150","171","3.8","169","206","4:49","3:22","36","34","1.23","0.0","15,432","No","00:01:40.6","20","01:31:30","01:36:35","140","149"
Running,2026-01-03 13:33:26,false,"Louisville Running","5.42","388","00:31:14","135","148","2.2","167","182","5:46","5:18","24","23","1.04","0.0","5,224","No","00:02:26.6","6","00:31:11","00:32:09","140","149"
Running,2026-01-02 12:57:44,false,"Louisville Running","18.34","1,350","01:30:03","159","178","4.1","169","198","4:55","3:20","55","52","1.21","0.0","15,156","No","00:01:46.3","19","01:30:00","01:30:17","119","140"
Running,2026-01-01 12:26:00,false,"Louisville - Recovery","7.39","518","00:40:44","141","169","2.5","163","217","5:31","2:31","11","10","1.11","0.0","6,598","No","00:00:14.7","16","00:40:41","00:45:19","142","148"
Running,2025-12-31 14:14:11,false,"Louisville - Base","8.38","612","00:42:03","150","166","3.1","168","186","5:01","4:10","10","9","1.19","0.0","7,068","No","00:00:02.6","10","00:42:01","00:42:25","143","155"
Running,2025-12-30 11:41:47,false,"Louisville - Tempo","14.86","981","01:02:50","160","174","4.2","171","193","4:14","3:18","45","43","1.38","0.0","10,736","No","00:00:18.1","17","01:02:40","01:03:23","135","150"
Running,2025-12-30 11:34:18,false,"Louisville Running","0.98","65","00:05:38.2","130","145","0.7","167","174","5:46","5:06","3","--","1.04","0.0","954","No","00:05:38.2","1","00:05:26","00:05:38.2","145","150"
Running,2025-12-29 10:42:34,false,"Louisville - Recovery","7.05","497","00:40:20","134","150","2.3","170","182","5:43","5:12","12","11","1.03","0.0","6,852","No","00:01:19.1","8","00:40:18","00:45:40","135","150"
Running,2025-12-28 08:46:15,false,"long run","23.01","1,617","02:02:10","143","169","3.6","169","197","5:19","3:32","205","205","1.11","0.0","20,576","No","00:00:06.9","24","02:02:03","02:05:39","146","210"
Running,2025-12-27 10:24:38,false,"Cincinnati Running","10.65","782","01:02:48","147","173","2.8","165","228","5:54","2:25","12","11","1.03","0.0","10,330","No","00:00:11.3","22","01:02:43","01:04:29","142","150"
Running,2025-12-26 19:00:50,false,"Hamilton County - Recovery","10.32","760","01:00:38","140","152","2.7","168","181","5:52","4:31","38","42","1.02","0.0","10,180","No","00:00:39.4","12","01:00:28","01:04:19","260","281"
Running,2025-12-25 14:45:17,false,"Louisville Running","1.63","128","00:10:01","149","160","1.4","164","234","6:08","5:22","114","1","0.99","0.0","1,650","No","00:03:52.6","2","00:09:54","00:10:09","31","146"
Running,2025-12-25 14:26:38,false,"An honest mile","2.61","177","00:11:52","161","184","2.3","151","210","4:33","2:46","4","2","1.42","0.0","1,882","No","00:03:03.2","3","00:11:52","00:11:52","140","146"
